originX,originY
,
,
1,2
4,5
40,50
1,23
1,23
1,23
1,2
1,2
5,6
50,60
1,3
500,600
1,3
1,3
356.388671875,289.400390625
223,364
294,369
39,54
42,51
25,54
50,38
61,38
